sample,reads1,reads2,reference
I20361,P0019_SK_I20361_CCTATCTC_L001_R1_001.fastq.gz,P0019_SK_I20361_CCTATCTC_L001_R2_001.fastq.gz,Microhyla_pulchra_PRG_CDS.fasta
I20362,P0019_SK_I20362_CGAAGCTG_L001_R1_001.fastq.gz,P0019_SK_I20362_CGAAGCTG_L001_R2_001.fastq.gz,Microhyla_pulchra_PRG_CDS.fasta
I20363,P0019_SK_I20363_CGCCTGGC_L001_R1_001.fastq.gz,P0019_SK_I20363_CGCCTGGC_L001_R2_001.fastq.gz,Microhyla_pulchra_PRG_CDS.fasta
I20364,P0019_SK_I20364_CGTCCAGA_L001_R1_001.fastq.gz,P0019_SK_I20364_CGTCCAGA_L001_R2_001.fastq.gz,Microhyla_pulchra_PRG_CDS.fasta
I20365,P0019_SK_I20365_CGTTGCGG_L001_R1_001.fastq.gz,P0019_SK_I20365_CGTTGCGG_L001_R2_001.fastq.gz,Microhyla_pulchra_PRG_CDS.fasta
I20366,P0019_SK_I20366_CTCGTTAT_L001_R1_001.fastq.gz,P0019_SK_I20366_CTCGTTAT_L001_R2_001.fastq.gz,Microhyla_pulchra_PRG_CDS.fasta
I20367,P0019_SK_I20367_CTTATCAG_L001_R1_001.fastq.gz,P0019_SK_I20367_CTTATCAG_L001_R2_001.fastq.gz,Microhyla_pulchra_PRG_CDS.fasta
I20368,P0019_SK_I20368_GAACCGTT_L001_R1_001.fastq.gz,P0019_SK_I20368_GAACCGTT_L001_R2_001.fastq.gz,Microhyla_pulchra_PRG_CDS.fasta
I20369,P0019_SK_I20369_GAACGTAT_L001_R1_001.fastq.gz,P0019_SK_I20369_GAACGTAT_L001_R2_001.fastq.gz,Microhyla_pulchra_PRG_CDS.fasta
I20370,P0019_SK_I20370_GACCTTAA_L001_R1_001.fastq.gz,P0019_SK_I20370_GACCTTAA_L001_R2_001.fastq.gz,Microhyla_pulchra_PRG_CDS.fasta
I20371,P0019_SK_I20371_GATTCCAG_L001_R1_001.fastq.gz,P0019_SK_I20371_GATTCCAG_L001_R2_001.fastq.gz,Microhyla_pulchra_PRG_CDS.fasta
I20372,P0019_SK_I20372_GCATGGCG_L001_R1_001.fastq.gz,P0019_SK_I20372_GCATGGCG_L001_R2_001.fastq.gz,Microhyla_pulchra_PRG_CDS.fasta
I20373,P0019_SK_I20373_GCGGTTCT_L001_R1_001.fastq.gz,P0019_SK_I20373_GCGGTTCT_L001_R2_001.fastq.gz,Microhyla_pulchra_PRG_CDS.fasta
I20374,P0019_SK_I20374_GCTGGTCA_L001_R1_001.fastq.gz,P0019_SK_I20374_GCTGGTCA_L001_R2_001.fastq.gz,Microhyla_pulchra_PRG_CDS.fasta
I20375,P0019_SK_I20375_GGAGGCTC_L001_R1_001.fastq.gz,P0019_SK_I20375_GGAGGCTC_L001_R2_001.fastq.gz,Microhyla_pulchra_PRG_CDS.fasta
I20376,P0019_SK_I20376_GGCTTGAA_L001_R1_001.fastq.gz,P0019_SK_I20376_GGCTTGAA_L001_R2_001.fastq.gz,Microhyla_pulchra_PRG_CDS.fasta
I20377,P0019_SK_I20377_GGTCCTAG_L001_R1_001.fastq.gz,P0019_SK_I20377_GGTCCTAG_L001_R2_001.fastq.gz,Microhyla_pulchra_PRG_CDS.fasta
I20378,P0019_SK_I20378_GGTTAGTC_L001_R1_001.fastq.gz,P0019_SK_I20378_GGTTAGTC_L001_R2_001.fastq.gz,Microhyla_pulchra_PRG_CDS.fasta
I20379,P0019_SK_I20379_GTAATTAT_L001_R1_001.fastq.gz,P0019_SK_I20379_GTAATTAT_L001_R2_001.fastq.gz,Microhyla_pulchra_PRG_CDS.fasta
I20380,P0019_SK_I20380_GTTCTACG_L001_R1_001.fastq.gz,P0019_SK_I20380_GTTCTACG_L001_R2_001.fastq.gz,Microhyla_pulchra_PRG_CDS.fasta
I20381,P0019_SK_I20381_TAGGCCGT_L001_R1_001.fastq.gz,P0019_SK_I20381_TAGGCCGT_L001_R2_001.fastq.gz,Microhyla_pulchra_PRG_CDS.fasta
I20382,P0019_SK_I20382_TCCGTATA_L001_R1_001.fastq.gz,P0019_SK_I20382_TCCGTATA_L001_R2_001.fastq.gz,Microhyla_pulchra_PRG_CDS.fasta
I20383,P0019_SK_I20383_TCTATTCG_L001_R1_001.fastq.gz,P0019_SK_I20383_TCTATTCG_L001_R2_001.fastq.gz,Microhyla_pulchra_PRG_CDS.fasta
I20384,P0019_SK_I20384_TGCCTGCG_L001_R1_001.fastq.gz,P0019_SK_I20384_TGCCTGCG_L001_R2_001.fastq.gz,Microhyla_pulchra_PRG_CDS.fasta
I20385,P0019_SK_I20385_TGGCGTTA_L001_R1_001.fastq.gz,P0019_SK_I20385_TGGCGTTA_L001_R2_001.fastq.gz,Microhyla_pulchra_PRG_CDS.fasta
I20386,P0019_SK_I20386_TGGTCCTG_L001_R1_001.fastq.gz,P0019_SK_I20386_TGGTCCTG_L001_R2_001.fastq.gz,Microhyla_pulchra_PRG_CDS.fasta
I20387,P0019_SK_I20387_TTAAGCGT_L001_R1_001.fastq.gz,P0019_SK_I20387_TTAAGCGT_L001_R2_001.fastq.gz,Microhyla_pulchra_PRG_CDS.fasta
I20388,P0019_SK_I20388_TTAGGATG_L001_R1_001.fastq.gz,P0019_SK_I20388_TTAGGATG_L001_R2_001.fastq.gz,Microhyla_pulchra_PRG_CDS.fasta
I20389,P0019_SK_I20389_TTCATACG_L001_R1_001.fastq.gz,P0019_SK_I20389_TTCATACG_L001_R2_001.fastq.gz,Microhyla_pulchra_PRG_CDS.fasta
I20391,P0019_SK_I20391_TTGATCCA_L001_R1_001.fastq.gz,P0019_SK_I20391_TTGATCCA_L001_R2_001.fastq.gz,Microhyla_pulchra_PRG_CDS.fasta
I20392,P0019_SK_I20392_TTGGAGCT_L001_R1_001.fastq.gz,P0019_SK_I20392_TTGGAGCT_L001_R2_001.fastq.gz,Microhyla_pulchra_PRG_CDS.fasta
I25789,P0019_SK_I25789_GGTCGGCG_L001_R1_001.fastq.gz,P0019_SK_I25789_GGTCGGCG_L001_R2_001.fastq.gz,Microhyla_pulchra_PRG_CDS.fasta
I25790,P0019_SK_I25790_TGGTCCTG_L001_R1_001.fastq.gz,P0019_SK_I25790_TGGTCCTG_L001_R2_001.fastq.gz,Microhyla_pulchra_PRG_CDS.fasta
I25791,P0019_SK_I25791_TTAGGATG_L001_R1_001.fastq.gz,P0019_SK_I25791_TTAGGATG_L001_R2_001.fastq.gz,Microhyla_pulchra_PRG_CDS.fasta
I25792,P0019_SK_I25792_GTTGCAAC_L001_R1_001.fastq.gz,P0019_SK_I25792_GTTGCAAC_L001_R2_001.fastq.gz,Microhyla_pulchra_PRG_CDS.fasta
I25793,P0019_SK_I25793_TCAGTTAA_L001_R1_001.fastq.gz,P0019_SK_I25793_TCAGTTAA_L001_R2_001.fastq.gz,Microhyla_pulchra_PRG_CDS.fasta
I25794,P0019_SK_I25794_TTCATACG_L001_R1_001.fastq.gz,P0019_SK_I25794_TTCATACG_L001_R2_001.fastq.gz,Microhyla_pulchra_PRG_CDS.fasta
I25795,P0019_SK_I25795_TTGATCCA_L001_R1_001.fastq.gz,P0019_SK_I25795_TTGATCCA_L001_R2_001.fastq.gz,Microhyla_pulchra_PRG_CDS.fasta
I25796,P0019_SK_I25796_TGGAGTAC_L001_R1_001.fastq.gz,P0019_SK_I25796_TGGAGTAC_L001_R2_001.fastq.gz,Microhyla_pulchra_PRG_CDS.fasta
I5713,P0019_SK_I5713_AACGACTA_L001_R1_001.fastq.gz,P0019_SK_I5713_AACGACTA_L001_R2_001.fastq.gz,Microhyla_pulchra_PRG_CDS.fasta
I5714,P0019_SK_I5714_AACTGATA_L001_R1_001.fastq.gz,P0019_SK_I5714_AACTGATA_L001_R2_001.fastq.gz,Microhyla_pulchra_PRG_CDS.fasta
I5718,P0019_SK_I5718_AAGACGCT_L001_R1_001.fastq.gz,P0019_SK_I5718_AAGACGCT_L001_R2_001.fastq.gz,Microhyla_pulchra_PRG_CDS.fasta
I5719,P0019_SK_I5719_AATAACTG_L001_R1_001.fastq.gz,P0019_SK_I5719_AATAACTG_L001_R2_001.fastq.gz,Microhyla_pulchra_PRG_CDS.fasta
I5720,P0019_SK_I5720_ACCGAATG_L001_R1_001.fastq.gz,P0019_SK_I5720_ACCGAATG_L001_R2_001.fastq.gz,Microhyla_pulchra_PRG_CDS.fasta
I5722,P0019_SK_I5722_ACTGCTCT_L001_R1_001.fastq.gz,P0019_SK_I5722_ACTGCTCT_L001_R2_001.fastq.gz,Microhyla_pulchra_PRG_CDS.fasta
I5723,P0019_SK_I5723_AGAACTCT_L001_R1_001.fastq.gz,P0019_SK_I5723_AGAACTCT_L001_R2_001.fastq.gz,Microhyla_pulchra_PRG_CDS.fasta
I5724,P0019_SK_I5724_AGCTAGAG_L001_R1_001.fastq.gz,P0019_SK_I5724_AGCTAGAG_L001_R2_001.fastq.gz,Microhyla_pulchra_PRG_CDS.fasta
I5725,P0019_SK_I5725_AGTTGAAC_L001_R1_001.fastq.gz,P0019_SK_I5725_AGTTGAAC_L001_R2_001.fastq.gz,Microhyla_pulchra_PRG_CDS.fasta
I5727,P0019_SK_I5727_ATCGGTTC_L001_R1_001.fastq.gz,P0019_SK_I5727_ATCGGTTC_L001_R2_001.fastq.gz,Microhyla_pulchra_PRG_CDS.fasta
I5729,P0019_SK_I5729_CAGTCAGA_L001_R1_001.fastq.gz,P0019_SK_I5729_CAGTCAGA_L001_R2_001.fastq.gz,Microhyla_pulchra_PRG_CDS.fasta
I5730,P0019_SK_I5730_CCATAGTC_L001_R1_001.fastq.gz,P0019_SK_I5730_CCATAGTC_L001_R2_001.fastq.gz,Microhyla_pulchra_PRG_CDS.fasta
I5731,P0019_SK_I5731_CCATGCGC_L001_R1_001.fastq.gz,P0019_SK_I5731_CCATGCGC_L001_R2_001.fastq.gz,Microhyla_pulchra_PRG_CDS.fasta
I5732,P0019_SK_I5732_CCGGCGAC_L001_R1_001.fastq.gz,P0019_SK_I5732_CCGGCGAC_L001_R2_001.fastq.gz,Microhyla_pulchra_PRG_CDS.fasta
I5733,P0019_SK_I5733_CCTATCTC_L001_R1_001.fastq.gz,P0019_SK_I5733_CCTATCTC_L001_R2_001.fastq.gz,Microhyla_pulchra_PRG_CDS.fasta
I5734,P0019_SK_I5734_CGAAGCTG_L001_R1_001.fastq.gz,P0019_SK_I5734_CGAAGCTG_L001_R2_001.fastq.gz,Microhyla_pulchra_PRG_CDS.fasta
I5735,P0019_SK_I5735_CGCCTGGC_L001_R1_001.fastq.gz,P0019_SK_I5735_CGCCTGGC_L001_R2_001.fastq.gz,Microhyla_pulchra_PRG_CDS.fasta
I5736,P0019_SK_I5736_CGTCCAGA_L001_R1_001.fastq.gz,P0019_SK_I5736_CGTCCAGA_L001_R2_001.fastq.gz,Microhyla_pulchra_PRG_CDS.fasta
I5737,P0019_SK_I5737_CGTTGCGG_L001_R1_001.fastq.gz,P0019_SK_I5737_CGTTGCGG_L001_R2_001.fastq.gz,Microhyla_pulchra_PRG_CDS.fasta
I5738,P0019_SK_I5738_CTCGTTAT_L001_R1_001.fastq.gz,P0019_SK_I5738_CTCGTTAT_L001_R2_001.fastq.gz,Microhyla_pulchra_PRG_CDS.fasta
I5740,P0019_SK_I5740_CTTATCAG_L001_R1_001.fastq.gz,P0019_SK_I5740_CTTATCAG_L001_R2_001.fastq.gz,Microhyla_pulchra_PRG_CDS.fasta
I5741,P0019_SK_I5741_GAACCGTT_L001_R1_001.fastq.gz,P0019_SK_I5741_GAACCGTT_L001_R2_001.fastq.gz,Microhyla_pulchra_PRG_CDS.fasta
I5743,P0019_SK_I5743_GACCTTAA_L001_R1_001.fastq.gz,P0019_SK_I5743_GACCTTAA_L001_R2_001.fastq.gz,Microhyla_pulchra_PRG_CDS.fasta
I5748,P0019_SK_I5748_GCATGGCG_L001_R1_001.fastq.gz,P0019_SK_I5748_GCATGGCG_L001_R2_001.fastq.gz,Microhyla_pulchra_PRG_CDS.fasta
I5750,P0019_SK_I5750_GCGGTTCT_L001_R1_001.fastq.gz,P0019_SK_I5750_GCGGTTCT_L001_R2_001.fastq.gz,Microhyla_pulchra_PRG_CDS.fasta
I5751,P0019_SK_I5751_GCTGGTCA_L001_R1_001.fastq.gz,P0019_SK_I5751_GCTGGTCA_L001_R2_001.fastq.gz,Microhyla_pulchra_PRG_CDS.fasta
I5752,P0019_SK_I5752_GGAGGCTC_L001_R1_001.fastq.gz,P0019_SK_I5752_GGAGGCTC_L001_R2_001.fastq.gz,Microhyla_pulchra_PRG_CDS.fasta
I5754,P0019_SK_I5754_GGCTTGAA_L001_R1_001.fastq.gz,P0019_SK_I5754_GGCTTGAA_L001_R2_001.fastq.gz,Microhyla_pulchra_PRG_CDS.fasta
I5761,P0019_SK_I5761_GGTCCTAG_L001_R1_001.fastq.gz,P0019_SK_I5761_GGTCCTAG_L001_R2_001.fastq.gz,Microhyla_pulchra_PRG_CDS.fasta
I5762,P0019_SK_I5762_GGTTAGTC_L001_R1_001.fastq.gz,P0019_SK_I5762_GGTTAGTC_L001_R2_001.fastq.gz,Microhyla_pulchra_PRG_CDS.fasta
I5763,P0019_SK_I5763_GTAATTAT_L001_R1_001.fastq.gz,P0019_SK_I5763_GTAATTAT_L001_R2_001.fastq.gz,Microhyla_pulchra_PRG_CDS.fasta
I5764,P0019_SK_I5764_GTTCTACG_L001_R1_001.fastq.gz,P0019_SK_I5764_GTTCTACG_L001_R2_001.fastq.gz,Microhyla_pulchra_PRG_CDS.fasta
I5765,P0019_SK_I5765_TAGGCCGT_L001_R1_001.fastq.gz,P0019_SK_I5765_TAGGCCGT_L001_R2_001.fastq.gz,Microhyla_pulchra_PRG_CDS.fasta
I5766,P0019_SK_I5766_TCCGTATA_L001_R1_001.fastq.gz,P0019_SK_I5766_TCCGTATA_L001_R2_001.fastq.gz,Microhyla_pulchra_PRG_CDS.fasta
I5767,P0019_SK_I5767_TCTATTCG_L001_R1_001.fastq.gz,P0019_SK_I5767_TCTATTCG_L001_R2_001.fastq.gz,Microhyla_pulchra_PRG_CDS.fasta
I5768,P0019_SK_I5768_TGCCTGCG_L001_R1_001.fastq.gz,P0019_SK_I5768_TGCCTGCG_L001_R2_001.fastq.gz,Microhyla_pulchra_PRG_CDS.fasta
I5769,P0019_SK_I5769_TGGCGTTA_L001_R1_001.fastq.gz,P0019_SK_I5769_TGGCGTTA_L001_R2_001.fastq.gz,Microhyla_pulchra_PRG_CDS.fasta
I5770,P0019_SK_I5770_TGGTCCTG_L001_R1_001.fastq.gz,P0019_SK_I5770_TGGTCCTG_L001_R2_001.fastq.gz,Microhyla_pulchra_PRG_CDS.fasta
I5771,P0019_SK_I5771_TTAAGCGT_L001_R1_001.fastq.gz,P0019_SK_I5771_TTAAGCGT_L001_R2_001.fastq.gz,Microhyla_pulchra_PRG_CDS.fasta
I5774,P0019_SK_I5774_TTAGGATG_L001_R1_001.fastq.gz,P0019_SK_I5774_TTAGGATG_L001_R2_001.fastq.gz,Microhyla_pulchra_PRG_CDS.fasta
I5775,P0019_SK_I5775_TTCATACG_L001_R1_001.fastq.gz,P0019_SK_I5775_TTCATACG_L001_R2_001.fastq.gz,Microhyla_pulchra_PRG_CDS.fasta
I5780,P0019_SK_I5780_TTCGTCGG_L001_R1_001.fastq.gz,P0019_SK_I5780_TTCGTCGG_L001_R2_001.fastq.gz,Microhyla_pulchra_PRG_CDS.fasta
I5781,P0019_SK_I5781_TTGATCCA_L001_R1_001.fastq.gz,P0019_SK_I5781_TTGATCCA_L001_R2_001.fastq.gz,Microhyla_pulchra_PRG_CDS.fasta
I5785,P0019_SK_I5785_TTGGCTCC_L001_R1_001.fastq.gz,P0019_SK_I5785_TTGGCTCC_L001_R2_001.fastq.gz,Microhyla_pulchra_PRG_CDS.fasta
I5787,P0019_SK_I5787_TGACGCGG_L002_R1_001.fastq.gz,P0019_SK_I5787_TGACGCGG_L002_R2_001.fastq.gz,Microhyla_pulchra_PRG_CDS.fasta
I5788,P0019_SK_I5788_TGGAGTAC_L002_R1_001.fastq.gz,P0019_SK_I5788_TGGAGTAC_L002_R2_001.fastq.gz,Microhyla_pulchra_PRG_CDS.fasta
I5790,P0019_SK_I5790_TGGTATGA_L002_R1_001.fastq.gz,P0019_SK_I5790_TGGTATGA_L002_R2_001.fastq.gz,Microhyla_pulchra_PRG_CDS.fasta
I5792,P0019_SK_I5792_TGGTTGAC_L002_R1_001.fastq.gz,P0019_SK_I5792_TGGTTGAC_L002_R2_001.fastq.gz,Microhyla_pulchra_PRG_CDS.fasta
I5793,P0019_SK_I5793_TTACTTCT_L002_R1_001.fastq.gz,P0019_SK_I5793_TTACTTCT_L002_R2_001.fastq.gz,Microhyla_pulchra_PRG_CDS.fasta
I5797,P0019_SK_I5797_TTATAACT_L002_R1_001.fastq.gz,P0019_SK_I5797_TTATAACT_L002_R2_001.fastq.gz,Microhyla_pulchra_PRG_CDS.fasta
I5801,P0019_SK_I5801_TTCGATGA_L002_R1_001.fastq.gz,P0019_SK_I5801_TTCGATGA_L002_R2_001.fastq.gz,Microhyla_pulchra_PRG_CDS.fasta
I5802,P0019_SK_I5802_TTGACTAG_L002_R1_001.fastq.gz,P0019_SK_I5802_TTGACTAG_L002_R2_001.fastq.gz,Microhyla_pulchra_PRG_CDS.fasta
I5803,P0019_SK_I5803_TTGCATAT_L002_R1_001.fastq.gz,P0019_SK_I5803_TTGCATAT_L002_R2_001.fastq.gz,Microhyla_pulchra_PRG_CDS.fasta
I5804,P0019_SK_I5804_TTGGCAGA_L002_R1_001.fastq.gz,P0019_SK_I5804_TTGGCAGA_L002_R2_001.fastq.gz,Microhyla_pulchra_PRG_CDS.fasta
I5807,P0019_SK_I5807_CGAAGCTG_L002_R1_001.fastq.gz,P0019_SK_I5807_CGAAGCTG_L002_R2_001.fastq.gz,Microhyla_pulchra_PRG_CDS.fasta
I8899,P0019_SK_I8899_AACGACTA_L002_R1_001.fastq.gz,P0019_SK_I8899_AACGACTA_L002_R2_001.fastq.gz,Microhyla_pulchra_PRG_CDS.fasta
I8900,P0019_SK_I8900_AACTGATA_L002_R1_001.fastq.gz,P0019_SK_I8900_AACTGATA_L002_R2_001.fastq.gz,Microhyla_pulchra_PRG_CDS.fasta